Model,Features,F1 Score,AUC-ROC,Precision,Recall,Training Time (s)
MLP,Vector,0.9799814955000421,0.9993025709331009,0.9771049983227105,0.9828749789100726,31.073174238204956
LSTM,Vector,0.982917879286347,0.9995292354120907,0.9828764234500211,0.9829593386198752,53.14710354804993
LSTM,GA,0.983847901068394,0.9996127837723908,0.9811241610738255,0.9865868061413868,51.6454918384552
LSTM,Hybrid,0.9842180774748924,0.9995963181501334,0.9846335697399528,0.9838029357179011,51.55442142486572
