Model,Features,F1 Score,AUC-ROC,Precision,Recall,Training Time (s)
MLP,Vector,0.9835113990073189,0.9994900210460708,0.9807885906040269,0.9862493673021765,31.98047137260437
LSTM,Vector,0.9840762993151548,0.9995855023066059,0.9802460868837365,0.9879365614982284,54.21858072280884
LSTM,GA,0.9819256756756757,0.9995831882191535,0.9830881109419922,0.9807659861650075,52.25754952430725
LSTM,Hybrid,0.9807116025830414,0.999525158026117,0.9813328828448349,0.9800911084865868,52.696688175201416
