Model,Features,F1 Score,AUC-ROC,Precision,Recall,Training Time (s)
MLP,Vector,0.9827695159455702,0.9994714838382791,0.9815703105276445,0.9839716551375063,30.702285528182983
LSTM,Vector,0.9832255883719948,0.9995614017436404,0.9849318547363075,0.981525223553231,52.494818925857544
LSTM,GA,0.9830253365666025,0.999551114760679,0.9744694960212201,0.9917327484393453,52.03512167930603
LSTM,Hybrid,0.9831581613270862,0.9995888689555753,0.9838641547689448,0.9824531803610596,51.431893825531006
